Workbook
Name KlasterList: Lists!$A$1:$E$1
Name List_Klaster1: Lists!$A$2:$A$15
Name List_Klaster2: Lists!$B$2:$B$15
Name List_Klaster3: Lists!$C$2:$C$15
Name List_Klaster4: Lists!$D$2:$D$15
Name List_LintasKlaster: Lists!$E$2:$E$15

Sheet Data_Klaster
A1: Klaster | B1: Nama | C1: P1 | D1: P2 | E1: P3 | F1: P4 | G1: P5 | H1: P6 | I1: P7 | J1: P8 | K1: P9 | L1: P10 | M1: P11 | N1: P12 | O1: P13 | P1: P14 | Q1: P15 | R1: Rata2 | S1: Kategori
A2: Klaster1 | B2: Riris Sakinah, M.K.M. | C2: 2 | D2: 2 | E2: 2 | F2: 2 | G2: 2 | H2: 2 | I2: 2 | J2: 3 | K2: 2 | L2: 2 | M2: 3 | N2: 3 | O2: 3 | P2: 3 | Q2: 3 | R2: 2.4 | S2: Belum/Akan Berkembang
A3: Klaster1 | B3: Widiawati Walangadi,SKM,MSi | C3: 3 | D3: 3 | E3: 3 | F3: 3 | G3: 2 | H3: 2 | I3: 3 | J3: 3 | K3: 3 | L3: 2 | M3: 3 | N3: 4 | O3: 3 | P3: 4 | Q3: 4 | R3: 3 | S3: Sedang Berkembang
A4: Klaster1 | B4: Erna Rosmanindar, S.Pd., M.K.M. | C4: 1 | D4: 1 | E4: 1 | F4: 3 | G4: 1 | H4: 1 | I4: 1 | J4: 1 | K4: 1 | L4: 1 | M4: 4 | N4: 4 | O4: 3 | P4: 3 | Q4: 4 | R4: 2 | S4: Belum/Akan Berkembang
A5: Klaster1 | B5: Dr. Dhanita Amir,M.Kes | C5: 5 | D5: 4 | E5: 5 | F5: 5 | G5: 5 | H5: 4 | I5: 5 | J5: 4 | K5: 5 | L5: 5 | M5: 5 | N5: 5 | O5: 4 | P5: 5 | Q5: 5 | R5: 4.7333333 | S5: Sudah/Sangat Optimal
A6: Klaster1 | B6: dr Fathonah mkm | C6: 5 | D6: 5 | E6: 4 | F6: 5 | G6: 4 | H6: 5 | I6: 5 | J6: 5 | K6: 5 | L6: 4 | M6: 4 | N6: 5 | O6: 5 | P6: 5 | Q6: 5 | R6: 4.7333333 | S6: Sudah/Sangat Optimal
A7: Klaster1 | B7: Dhea Adinda Purnomo, S.Pd | C7: 1 | D7: 1 | E7: 1 | F7: 1 | G7: 1 | H7: 1 | I7: 1 | J7: 3 | K7: 1 | L7: 1 | M7: 4 | N7: 4 | O7: 1 | P7: 3 | Q7: 3 | R7: 1.8 | S7: Belum/Akan Berkembang
A8: Klaster1 | B8: Sela Fasya, S.Tr.Keb., MKM | C8: 1 | D8: 1 | E8: 1 | F8: 1 | G8: 1 | H8: 1 | I8: 2 | J8: 2 | K8: 2 | L8: 2 | M8: 4 | N8: 4 | O8: 3 | P8: 4 | Q8: 4 | R8: 2.2 | S8: Belum/Akan Berkembang
A9: Klaster1 | B9: dr. Lia Meiliyana, MKM | C9: 4 | D9: 3 | E9: 3 | F9: 4 | G9: 3 | H9: 4 | I9: 3 | J9: 3 | K9: 2 | L9: 3 | M9: 4 | N9: 5 | O9: 4 | P9: 5 | Q9: 5 | R9: 3.6666667 | S9: Sedang Berkembang
A10: Klaster1 | B10: Zulfaa Nurin Nuhaa, S.K.M., MPH | C10: 2 | D10: 1 | E10: 2 | F10: 3 | G10: 1 | H10: 2 | I10: 3 | J10: 2 | K10: 2 | L10: 1 | M10: 3 | N10: 3 | O10: 3 | P10: 3 | Q10: 3 | R10: 2.2666667 | S10: Belum/Akan Berkembang
A11: Klaster1 | B11: Swasti Setyorini | C11: 1 | D11: 1 | E11: 1 | F11: 2 | G11: 1 | H11: 2 | I11: 1 | J11: 1 | K11: 1 | L11: 1 | M11: 2 | N11: 3 | O11: 3 | P11: 3 | Q11: 3 | R11: 1.7333333 | S11: Belum/Akan Berkembang
A12: Klaster1 | B12: Sri Hartanti, SIKom,MIKom | C12: 1 | D12: 1 | E12: 1 | F12: 1 | G12: 1 | H12: 1 | I12: 1 | J12: 1 | K12: 1 | L12: 1 | M12: 2 | N12: 4 | O12: 1 | P12: 2 | Q12: 2 | R12: 1.4 | S12: Belum/Akan Berkembang
A13: Klaster1 | B13: dr. Indah Karyani, MPH | C13: 4 | D13: 1 | E13: 3 | F13: 4 | G13: 1 | H13: 4 | I13: 1 | J13: 4 | K13: 4 | L13: 4 | M13: 4 | N13: 4 | O13: 1 | P13: 3 | Q13: 3 | R13: 3 | S13: Sedang Berkembang
... A71: LintasKlaster | B71: dr. Dwidea Yuliana, M.Kes | C71: 4 | D71: 4 | E71: 4 | F71: 4 | G71: 4 | H71: 3 | I71: 4 | J71: 4 | K71: 4 | L71: 4 | M71: 4 | N71: 4 | O71: 4 | P71: 3 | Q71: 4 | R71: 3.8666667 | S71: Sedang Berkembang

Sheet Lists
A1: Klaster1 | B1: Klaster2 | C1: Klaster3 | D1: Klaster4 | E1: LintasKlaster
A2: Riris Sakinah, M.K.M. | B2: Riris Sakinah, M.K.M. | C2: Riris Sakinah, M.K.M. | D2: Riris Sakinah, M.K.M. | E2: Riris Sakinah, M.K.M.
A3: Widiawati Walangadi,SKM,MSi | B3: Widiawati Walangadi,SKM,MSi | C3: Widiawati Walangadi,SKM,MSi | D3: Widiawati Walangadi,SKM,MSi | E3: Widiawati Walangadi,SKM,MSi
A4: Erna Rosmanindar, S.Pd., M.K.M. | B4: Erna Rosmanindar, S.Pd., M.K.M. | C4: Erna Rosmanindar, S.Pd., M.K.M. | D4: Erna Rosmanindar, S.Pd., M.K.M. | E4: Erna Rosmanindar, S.Pd., M.K.M.
A5: Dr. Dhanita Amir,M.Kes | B5: Dr. Dhanita Amir,M.Kes | C5: Dr. Dhanita Amir,M.Kes | D5: Dr. Dhanita Amir,M.Kes | E5: Dr. Dhanita Amir,M.Kes
A6: dr Fathonah mkm | B6: dr Fathonah mkm | C6: dr Fathonah mkm | D6: dr Fathonah mkm | E6: dr Fathonah mkm
A7: Dhea Adinda Purnomo, S.Pd | B7: Dhea Adinda Purnomo, S.Pd | C7: Dhea Adinda Purnomo, S.Pd | D7: Dhea Adinda Purnomo, S.Pd | E7: Dhea Adinda Purnomo, S.Pd
A8: Sela Fasya, S.Tr.Keb., MKM | B8: Sela Fasya, S.Tr.Keb., MKM | C8: Sela Fasya, S.Tr.Keb., MKM | D8: Sela Fasya, S.Tr.Keb., MKM | E8: Sela Fasya, S.Tr.Keb., MKM
A9: dr. Lia Meiliyana, MKM | B9: dr. Lia Meiliyana, MKM | C9: dr. Lia Meiliyana, MKM | D9: dr. Lia Meiliyana, MKM | E9: dr. Lia Meiliyana, MKM
A10: Zulfaa Nurin Nuhaa, S.K.M., MPH | B10: Zulfaa Nurin Nuhaa, S.K.M., MPH | C10: Zulfaa Nurin Nuhaa, S.K.M., MPH | D10: Zulfaa Nurin Nuhaa, S.K.M., MPH | E10: Zulfaa Nurin Nuhaa, S.K.M., MPH
A11: Swasti Setyorini | B11: Swasti Setyorini | C11: Swasti Setyorini | D11: Swasti Setyorini | E11: Swasti Setyorini
A12: Sri Hartanti, SIKom,MIKom | B12: Sri Hartanti, SIKom,MIKom | C12: Sri Hartanti, SIKom,MIKom | D12: Sri Hartanti, SIKom,MIKom | E12: Sri Hartanti, SIKom,MIKom
... A15: dr. Dwidea Yuliana, M.Kes | B15: dr. Dwidea Yuliana, M.Kes | C15: dr. Dwidea Yuliana, M.Kes | D15: dr. Dwidea Yuliana, M.Kes | E15: dr. Dwidea Yuliana, M.Kes

Sheet Dashboard_Interaktif
A1: DASHBOARD CAPAIAN KOMPETENSI BBPK JAKARTA
A2: Pilih Klaster:
A3: Pilih Nama Individu:
A5: Kompetensi | B5: Nilai | C5: Target | D5: Gap | E5: Level
A6: P1 | B6: =INDEX(Data_Klaster!$C$2:$Q$71, MATCH(1, (Data_Klaster!$A$2:$A$71=$B$2)*(Data_Klaster!$B$2:$B$71=$B$3), 0), 1) -> 0 | C6: 5 | D6: =C6-B6 -> 0 | E6: =IF(B6<3,"Belum/Akan Berkembang",IF(B6<4,"Sedang Berkembang","Sudah/Sangat Optimal")) -> 0
A7: P2 | B7: =INDEX(Data_Klaster!$C$2:$Q$71, MATCH(1, (Data_Klaster!$A$2:$A$71=$B$2)*(Data_Klaster!$B$2:$B$71=$B$3), 0), 2) -> 0 | C7: 5 | D7: =C7-B7 -> 0 | E7: =IF(B7<3,"Belum/Akan Berkembang",IF(B7<4,"Sedang Berkembang","Sudah/Sangat Optimal")) -> 0
A8: P3 | B8: =INDEX(Data_Klaster!$C$2:$Q$71, MATCH(1, (Data_Klaster!$A$2:$A$71=$B$2)*(Data_Klaster!$B$2:$B$71=$B$3), 0), 3) -> 0 | C8: 5 | D8: =C8-B8 -> 0 | E8: =IF(B8<3,"Belum/Akan Berkembang",IF(B8<4,"Sedang Berkembang","Sudah/Sangat Optimal")) -> 0
A9: P4 | B9: =INDEX(Data_Klaster!$C$2:$Q$71, MATCH(1, (Data_Klaster!$A$2:$A$71=$B$2)*(Data_Klaster!$B$2:$B$71=$B$3), 0), 4) -> 0 | C9: 5 | D9: =C9-B9 -> 0 | E9: =IF(B9<3,"Belum/Akan Berkembang",IF(B9<4,"Sedang Berkembang","Sudah/Sangat Optimal")) -> 0
A10: P5 | B10: =INDEX(Data_Klaster!$C$2:$Q$71, MATCH(1, (Data_Klaster!$A$2:$A$71=$B$2)*(Data_Klaster!$B$2:$B$71=$B$3), 0), 5) -> 0 | C10: 5 | D10: =C10-B10 -> 0 | E10: =IF(B10<3,"Belum/Akan Berkembang",IF(B10<4,"Sedang Berkembang","Sudah/Sangat Optimal")) -> 0
A11: P6 | B11: =INDEX(Data_Klaster!$C$2:$Q$71, MATCH(1, (Data_Klaster!$A$2:$A$71=$B$2)*(Data_Klaster!$B$2:$B$71=$B$3), 0), 6) -> 0 | C11: 5 | D11: =C11-B11 -> 0 | E11: =IF(B11<3,"Belum/Akan Berkembang",IF(B11<4,"Sedang Berkembang","Sudah/Sangat Optimal")) -> 0
A12: P7 | B12: =INDEX(Data_Klaster!$C$2:$Q$71, MATCH(1, (Data_Klaster!$A$2:$A$71=$B$2)*(Data_Klaster!$B$2:$B$71=$B$3), 0), 7) -> 0 | C12: 5 | D12: =C12-B12 -> 0 | E12: =IF(B12<3,"Belum/Akan Berkembang",IF(B12<4,"Sedang Berkembang","Sudah/Sangat Optimal")) -> 0
A13: P8 | B13: =INDEX(Data_Klaster!$C$2:$Q$71, MATCH(1, (Data_Klaster!$A$2:$A$71=$B$2)*(Data_Klaster!$B$2:$B$71=$B$3), 0), 8) -> 0 | C13: 5 | D13: =C13-B13 -> 0 | E13: =IF(B13<3,"Belum/Akan Berkembang",IF(B13<4,"Sedang Berkembang","Sudah/Sangat Optimal")) -> 0
A14: P9 | B14: =INDEX(Data_Klaster!$C$2:$Q$71, MATCH(1, (Data_Klaster!$A$2:$A$71=$B$2)*(Data_Klaster!$B$2:$B$71=$B$3), 0), 9) -> 0 | C14: 5 | D14: =C14-B14 -> 0 | E14: =IF(B14<3,"Belum/Akan Berkembang",IF(B14<4,"Sedang Berkembang","Sudah/Sangat Optimal")) -> 0
A15: P10 | B15: =INDEX(Data_Klaster!$C$2:$Q$71, MATCH(1, (Data_Klaster!$A$2:$A$71=$B$2)*(Data_Klaster!$B$2:$B$71=$B$3), 0), 10) -> 0 | C15: 5 | D15: =C15-B15 -> 0 | E15: =IF(B15<3,"Belum/Akan Berkembang",IF(B15<4,"Sedang Berkembang","Sudah/Sangat Optimal")) -> 0
A16: P11 | B16: =INDEX(Data_Klaster!$C$2:$Q$71, MATCH(1, (Data_Klaster!$A$2:$A$71=$B$2)*(Data_Klaster!$B$2:$B$71=$B$3), 0), 11) -> 0 | C16: 5 | D16: =C16-B16 -> 0 | E16: =IF(B16<3,"Belum/Akan Berkembang",IF(B16<4,"Sedang Berkembang","Sudah/Sangat Optimal")) -> 0
A17: P12 | B17: =INDEX(Data_Klaster!$C$2:$Q$71, MATCH(1, (Data_Klaster!$A$2:$A$71=$B$2)*(Data_Klaster!$B$2:$B$71=$B$3), 0), 12) -> 0 | C17: 5 | D17: =C17-B17 -> 0 | E17: =IF(B17<3,"Belum/Akan Berkembang",IF(B17<4,"Sedang Berkembang","Sudah/Sangat Optimal")) -> 0
A18: P13 | B18: =INDEX(Data_Klaster!$C$2:$Q$71, MATCH(1, (Data_Klaster!$A$2:$A$71=$B$2)*(Data_Klaster!$B$2:$B$71=$B$3), 0), 13) -> 0 | C18: 5 | D18: =C18-B18 -> 0 | E18: =IF(B18<3,"Belum/Akan Berkembang",IF(B18<4,"Sedang Berkembang","Sudah/Sangat Optimal")) -> 0
A19: P14 | B19: =INDEX(Data_Klaster!$C$2:$Q$71, MATCH(1, (Data_Klaster!$A$2:$A$71=$B$2)*(Data_Klaster!$B$2:$B$71=$B$3), 0), 14) -> 0 | C19: 5 | D19: =C19-B19 -> 0 | E19: =IF(B19<3,"Belum/Akan Berkembang",IF(B19<4,"Sedang Berkembang","Sudah/Sangat Optimal")) -> 0
A20: P15 | B20: =INDEX(Data_Klaster!$C$2:$Q$71, MATCH(1, (Data_Klaster!$A$2:$A$71=$B$2)*(Data_Klaster!$B$2:$B$71=$B$3), 0), 15) -> 0 | C20: 5 | D20: =C20-B20 -> 0 | E20: =IF(B20<3,"Belum/Akan Berkembang",IF(B20<4,"Sedang Berkembang","Sudah/Sangat Optimal")) -> 0
A22: Rata-rata Kompetensi: | B22: =AVERAGE(B6:B20) -> 0
A23: Kategori Kompetensi: | B23: =IF(B22<3,"Belum/Akan Berkembang",IF(B22<4,"Sedang Berkembang","Sudah/Sangat Optimal")) -> 0
A24: =Insight: -> 0 | B24: ="Kategori: "&B23&". "&IF(B23="Belum/Akan Berkembang","Perlu pendampingan dan microlearning lintas klaster.",IF(B23="Sedang Berkembang","Teruskan praktik baik dan kolaborasi lintas bidang.","Sudah sangat optimal – Siap menjadi role model pembelajaran di BBPK Jakarta!")) -> 0

Sheet Rekap_Tim
A1: Klaster | B1: Nama | C1: Rata2 | D1: Kategori | G1: Kategori Count per Klaster
A2: Klaster1 | B2: Riris Sakinah, M.K.M. | C2: 2.4 | D2: Belum/Akan Berkembang | G2: Klaster | H2: Belum/Akan Berkembang | I2: Sedang Berkembang | J2: Sudah/Sangat Optimal
A3: Klaster1 | B3: Widiawati Walangadi,SKM,MSi | C3: 3 | D3: Sedang Berkembang | G3: Klaster1 | H3: 8 | I3: 4 | J3: 2
A4: Klaster1 | B4: Erna Rosmanindar, S.Pd., M.K.M. | C4: 2 | D4: Belum/Akan Berkembang | G4: Klaster2 | H4: 8 | I4: 3 | J4: 3
A5: Klaster1 | B5: Dr. Dhanita Amir,M.Kes | C5: 4.73 | D5: Sudah/Sangat Optimal | G5: Klaster3 | H5: 8 | I5: 4 | J5: 2
A6: Klaster1 | B6: dr Fathonah mkm | C6: 4.73 | D6: Sudah/Sangat Optimal | G6: Klaster4 | H6: 10 | I6: 2 | J6: 2
A7: Klaster1 | B7: Dhea Adinda Purnomo, S.Pd | C7: 1.8 | D7: Belum/Akan Berkembang | G7: LintasKlaster | H7: 11 | I7: 2 | J7: 1
A8: Klaster1 | B8: Sela Fasya, S.Tr.Keb., MKM | C8: 2.2 | D8: Belum/Akan Berkembang
A9: Klaster1 | B9: dr. Lia Meiliyana, MKM | C9: 3.67 | D9: Sedang Berkembang
A10: Klaster1 | B10: Zulfaa Nurin Nuhaa, S.K.M., MPH | C10: 2.27 | D10: Belum/Akan Berkembang
A11: Klaster1 | B11: Swasti Setyorini | C11: 1.73 | D11: Belum/Akan Berkembang
A12: Klaster1 | B12: Sri Hartanti, SIKom,MIKom | C12: 1.4 | D12: Belum/Akan Berkembang
A13: Klaster1 | B13: dr. Indah Karyani, MPH | C13: 3 | D13: Sedang Berkembang
A14: Klaster1 | B14: Heniwati | C14: 2 | D14: Belum/Akan Berkembang
A15: Klaster1 | B15: dr. Dwidea Yuliana, M.Kes | C15: 3.47 | D15: Sedang Berkembang
A16: Klaster2 | B16: Riris Sakinah, M.K.M. | C16: 2.27 | D16: Belum/Akan Berkembang
A17: Klaster2 | B17: Widiawati Walangadi,SKM,MSi | C17: 2.93 | D17: Belum/Akan Berkembang
A18: Klaster2 | B18: Erna Rosmanindar, S.Pd., M.K.M. | C18: 1.87 | D18: Belum/Akan Berkembang
A19: Klaster2 | B19: Dr. Dhanita Amir,M.Kes | C19: 4 | D19: Sudah/Sangat Optimal
... A25: Klaster2 | B25: Swasti Setyorini | C25: 2.53 | D25: Belum/Akan Berkembang
A26: Klaster2 | B26: Sri Hartanti, SIKom,MIKom | C26: 1.67 | D26: Belum/Akan Berkembang | G26: Kategori Distribution
A27: Klaster2 | B27: dr. Indah Karyani, MPH | C27: 1.47 | D27: Belum/Akan Berkembang | G27: Kategori | H27: Count
A28: Klaster2 | B28: Heniwati | C28: 1.07 | D28: Belum/Akan Berkembang | G28: Belum/Akan Berkembang | H28: 45
A29: Klaster2 | B29: dr. Dwidea Yuliana, M.Kes | C29: 3.2 | D29: Sedang Berkembang | G29: Sedang Berkembang | H29: 15
A30: Klaster3 | B30: Riris Sakinah, M.K.M. | C30: 2.07 | D30: Belum/Akan Berkembang | G30: Sudah/Sangat Optimal | H30: 10
A31: Klaster3 | B31: Widiawati Walangadi,SKM,MSi | C31: 3.13 | D31: Sedang Berkembang
A32: Klaster3 | B32: Erna Rosmanindar, S.Pd., M.K.M. | C32: 1.87 | D32: Belum/Akan Berkembang
A33: Klaster3 | B33: Dr. Dhanita Amir,M.Kes | C33: 4 | D33: Sudah/Sangat Optimal
A34: Klaster3 | B34: dr Fathonah mkm | C34: 4.47 | D34: Sudah/Sangat Optimal
A35: Klaster3 | B35: Dhea Adinda Purnomo, S.Pd | C35: 1.13 | D35: Belum/Akan Berkembang
A36: Klaster3 | B36: Sela Fasya, S.Tr.Keb., MKM | C36: 3.27 | D36: Sedang Berkembang
A37: Klaster3 | B37: dr. Lia Meiliyana, MKM | C37: 3.47 | D37: Sedang Berkembang
A38: Klaster3 | B38: Zulfaa Nurin Nuhaa, S.K.M., MPH | C38: 1.87 | D38: Belum/Akan Berkembang
A39: Klaster3 | B39: Swasti Setyorini | C39: 2.13 | D39: Belum/Akan Berkembang
A40: Klaster3 | B40: Sri Hartanti, SIKom,MIKom | C40: 1.07 | D40: Belum/Akan Berkembang
A41: Klaster3 | B41: dr. Indah Karyani, MPH | C41: 2.67 | D41: Belum/Akan Berkembang
A42: Klaster3 | B42: Heniwati | C42: 1 | D42: Belum/Akan Berkembang
... A71: LintasKlaster | B71: dr. Dwidea Yuliana, M.Kes | C71: 3.87 | D71: Sedang Berkembang
